Gene	"Gene synonym"	Ensembl	"Gene description"	Uniprot	Chromosome	Position	"Protein class"	"Biological process"	"Molecular function"	"Disease involvement"	Evidence	"HPA evidence"	"UniProt evidence"	"NeXtProt evidence"	"RNA tissue specificity"	"RNA tissue distribution"	"RNA tissue specificity score"	"RNA tissue specific nTPM"	"RNA single cell type specificity"	"RNA single cell type distribution"	"RNA single cell type specificity score"	"RNA single cell type specific nTPM"	"RNA single nuclei brain specificity"	"RNA single nuclei brain distribution"	"RNA single nuclei brain specificity score"	"RNA single nuclei brain specific nTPM"	"RNA cancer specificity"	"RNA cancer distribution"	"RNA cancer specificity score"	"RNA cancer specific FPKM"	"RNA brain regional specificity"	"RNA brain regional distribution"	"RNA brain regional specificity score"	"RNA brain regional specific nTPM"	"RNA blood cell specificity"	"RNA blood cell distribution"	"RNA blood cell specificity score"	"RNA blood cell specific nTPM"	"RNA blood lineage specificity"	"RNA blood lineage distribution"	"RNA blood lineage specificity score"	"RNA blood lineage specific nTPM"	"RNA cell line specificity"	"RNA cell line distribution"	"RNA cell line specificity score"	"RNA cell line specific nTPM"	"RNA tissue cell type enrichment"	"RNA mouse brain regional specificity"	"RNA mouse brain regional distribution"	"RNA mouse brain regional specificity score"	"RNA mouse brain regional specific nTPM"	"RNA pig brain regional specificity"	"RNA pig brain regional distribution"	"RNA pig brain regional specificity score"	"RNA pig brain regional specific nTPM"	Antibody	"Reliability (IH)"	"Reliability (Mouse Brain)"	"Reliability (IF)"	"Subcellular location"	"Secretome location"	"Secretome function"	"CCD Protein"	"CCD Transcript"	"Blood concentration - Conc. blood IM [pg/L]"	"Blood concentration - Conc. blood MS [pg/L]"	"Blood expression cluster"	"Tissue expression cluster"	"Brain expression cluster"	"Cell line expression cluster"	"Single cell expression cluster"	Interactions	"Subcellular main location"	"Subcellular additional location"	"Antibody RRID"	"Cancer prognostics - Bladder Urothelial Carcinoma (TCGA)"	"Cancer prognostics - Breast Invasive Carcinoma (TCGA)"	"Cancer prognostics - Breast Invasive Carcinoma (validation)"	"Cancer prognostics - Cervical Squamous Cell Carcinoma and Endocervical Adenocarcinoma (TCGA)"	"Cancer prognostics - Colon Adenocarcinoma (TCGA)"	"Cancer prognostics - Colon Adenocarcinoma (validation)"	"Cancer prognostics - Glioblastoma Multiforme (TCGA)"	"Cancer prognostics - Glioblastoma Multiforme (validation)"	"Cancer prognostics - Head and Neck Squamous Cell Carcinoma (TCGA)"	"Cancer prognostics - Kidney Chromophobe (TCGA)"	"Cancer prognostics - Kidney Renal Clear Cell Carcinoma (TCGA)"	"Cancer prognostics - Kidney Renal Clear Cell Carcinoma (validation)"	"Cancer prognostics - Kidney Renal Papillary Cell Carcinoma (TCGA)"	"Cancer prognostics - Liver Hepatocellular Carcinoma (TCGA)"	"Cancer prognostics - Liver Hepatocellular Carcinoma (validation)"	"Cancer prognostics - Lung Adenocarcinoma (TCGA)"	"Cancer prognostics - Lung Adenocarcinoma (validation)"	"Cancer prognostics - Lung Squamous Cell Carcinoma (TCGA)"	"Cancer prognostics - Lung Squamous Cell Carcinoma (validation)"	"Cancer prognostics - Ovary Serous Cystadenocarcinoma (TCGA)"	"Cancer prognostics - Ovary Serous Cystadenocarcinoma (validation)"	"Cancer prognostics - Pancreatic Adenocarcinoma (TCGA)"	"Cancer prognostics - Pancreatic Adenocarcinoma (validation)"	"Cancer prognostics - Prostate Adenocarcinoma (TCGA)"	"Cancer prognostics - Rectum Adenocarcinoma (TCGA)"	"Cancer prognostics - Rectum Adenocarcinoma (validation)"	"Cancer prognostics - Skin Cuteneous Melanoma (TCGA)"	"Cancer prognostics - Stomach Adenocarcinoma (TCGA)"	"Cancer prognostics - Testicular Germ Cell Tumor (TCGA)"	"Cancer prognostics - Thyroid Carcinoma (TCGA)"	"Cancer prognostics - Uterine Corpus Endometrial Carcinoma (TCGA)"
DKKL1	"CT34, SGY-1"	ENSG00000104901	"Dickkopf like acrosomal protein 1"	Q9UK85	19	49361783-49375116	"Predicted intracellular proteins, Predicted secreted proteins"				"Evidence at protein level"	"Evidence at protein level"	"Evidence at protein level"	"Evidence at protein level"	"Tissue enriched"	"Detected in some"	277	"testis: 335.2"	"Group enriched"	"Detected in some"	5	"Early spermatids: 2060.7;Late spermatids: 2493.1"	"Cell type enhanced"	"Detected in some"		"ependymal cell: 3.0"	"Cancer enhanced"	"Detected in many"		"Testicular Germ Cell Tumor (TCGA): 8.4"	"Not detected"	"Not detected"			"Immune cell enriched"	"Detected in single"	6	"memory B-cell: 1.7"	"Lineage enriched"	"Detected in single"	17	"B-cells: 1.7"	"Low cancer specificity"	"Detected in many"			"Testis - Early spermatids, Testis - Late spermatids"	"Low region specificity"	"Detected in many"			"Low region specificity"	"Detected in all"			"CAB025410, HPA047194"	Enhanced		Approved	"Vesicles,Acrosome,Equatorial segment,Mid piece"	"Secreted in male reproductive system"	"No annotated function"	NA	NA				"Cluster 10: Testis - Spermatid development"		"Cluster 5: Rhabdoid - Unknown function"	"Cluster 70: Spermatocytes & Spermatids - Spermatid development"	42	"Vesicles, Acrosome, Equatorial segment"	"Mid piece"	"CAB025410: , HPA047194: AB_2679979"		"unprognostic (1.11e-1)"	"unprognostic (4.16e-1)"	"unprognostic (3.64e-3)"			"unprognostic (1.09e-1)"									"unprognostic (2.50e-1)"		"unprognostic (3.18e-2)"		"unprognostic (2.79e-1)"							"unprognostic (6.23e-2)"		"unprognostic (1.32e-1)"		"unprognostic (1.12e-2)"
IGHV1-18		ENSG00000211945	"Immunoglobulin heavy variable 1-18"	A0A0C4DH31	14	106184901-106185394	"Immunoglobulin genes, Predicted secreted proteins"	"Adaptive immunity, Immunity"			"Evidence at protein level"	"Evidence at transcript level"	"No human protein/transcript evidence"	"Evidence at protein level"	"Group enriched"	"Detected in many"	12	"esophagus: 155.7;urinary bladder: 150.1"	"Cell type enriched"	"Detected in some"	21	"Plasma cells: 8841.9"	"Not detected"	"Not detected"			"Low cancer specificity"	"Detected in many"			"Low region specificity"	"Detected in some"			"Immune cell enriched"	"Detected in some"	21	"memory B-cell: 73.4"	"Lineage enriched"	"Detected in many"	21	"B-cells: 73.4"	"Cancer enriched"	"Detected in single"	121	"lymphoma: 41.4"	"Adipose subcutaneous - Plasma cells, Adipose visceral - Plasma cells, Adrenal gland - Plasma cells, Breast - Plasma cells, Colon - Plasma cells, Heart muscle - Plasma cells, Kidney - Plasma cells, Liver - Plasma cells, Lung - Plasma cells, Minor Salivary Gland - Plasma cells, Pancreas - Plasma cells, Pituitary gland - Plasma cells, Prostate - Plasma cells, Skeletal muscle - Plasma cells, Skin - Plasma cells, Spleen - Plasma cells, Stomach - Plasma cells, Thyroid gland - Plasma cells"														"Immunoglobulin genes"	Immunity	NA	NA		7200000000	"Cluster 17: B-cells - Immunoglobulins"		"Cluster 6: Non-specific - Immune response"	"Cluster 55: Lymphoma - Immune response"	"Cluster 23: Plasma cells - Humoral immune response"					"unprognostic (1.02e-1)"	"unprognostic (4.33e-1)"		"unprognostic (6.03e-2)"	"unprognostic (1.01e-2)"	"unprognostic (1.10e-1)"		"unprognostic (1.21e-1)"	"unprognostic (6.33e-2)"	"unprognostic (4.37e-1)"	"unprognostic (2.75e-2)"	"unprognostic (5.26e-1)"	"unprognostic (5.05e-2)"	"unprognostic (4.51e-1)"		"unprognostic (1.28e-2)"	"unprognostic (1.30e-1)"	"unprognostic (3.13e-2)"	"unprognostic (5.52e-1)"		"unprognostic (2.78e-1)"	"unprognostic (2.71e-1)"	"unprognostic (9.23e-3)"	"unprognostic (2.44e-1)"	"unprognostic (2.09e-1)"	"unprognostic (4.58e-2)"	"unprognostic (1.40e-1)"	"unprognostic (3.33e-1)"	"unprognostic (1.98e-1)"	"unprognostic (6.19e-2)"	"unprognostic (3.65e-1)"
IGHG1		ENSG00000211896	"Immunoglobulin heavy constant gamma 1 (G1m marker)"	P01857	14	105736343-105743071	"Disease related genes, FDA approved drug targets, Immunoglobulin genes, Plasma proteins, Predicted intracellular proteins, Predicted membrane proteins, Predicted secreted proteins"	"Adaptive immunity, Immunity"		"FDA approved drug targets"	"Evidence at protein level"	"Evidence at protein level"	"Evidence at protein level"	"Evidence at protein level"	"Group enriched"	"Detected in many"	7	"lymphoid tissue: 5665.1;urinary bladder: 3867.4"	"Cell type enriched"	"Detected in many"	5	"Plasma cells: 12047.8"	"Cell type enriched"	"Detected in some"	10	"leukocyte: 12.0"	"Low cancer specificity"	"Detected in all"			"Low region specificity"	"Detected in many"			"Immune cell enriched"	"Detected in some"	6	"memory B-cell: 768.6"	"Lineage enriched"	"Detected in many"	122	"B-cells: 768.6"	"Cancer enriched"	"Detected in some"	8	"Myeloma: 1184.5"	"Adipose subcutaneous - Plasma cells, Adipose visceral - Plasma cells, Adrenal gland - Plasma cells, Breast - Plasma cells, Colon - Plasma cells, Heart muscle - Plasma cells, Kidney - Plasma cells, Liver - Plasma cells, Lung - Plasma cells, Pancreas - Plasma cells, Pituitary gland - Plasma cells, Prostate - Plasma cells, Skeletal muscle - Plasma cells, Skin - Plasma cells, Spleen - Plasma cells, Stomach - Plasma cells, Thyroid gland - Plasma cells"									"HPA001245, CAB008642"	Supported				"Immunoglobulin genes"	Immunity	NA	NA		220000000000	"Cluster 17: B-cells - Immunoglobulins"		"Cluster 8: Immune cells - Immune response"	"Cluster 51: Myeloma - Immunoglobulins"	"Cluster 77: Plasma cells - Protein processing"	36			"CAB008642: AB_1617595, HPA001245: AB_1079121"	"unprognostic (3.44e-3)"	"unprognostic (4.44e-3)"		"unprognostic (2.33e-3)"	"unprognostic (1.17e-1)"	"unprognostic (3.60e-1)"	"unprognostic (2.17e-3)"	"unprognostic (1.87e-1)"	"potential prognostic favorable (2.46e-4)"	"unprognostic (1.14e-1)"	"potential prognostic unfavorable (3.50e-4)"	"unprognostic (9.46e-2)"	"unprognostic (3.38e-3)"	"unprognostic (3.58e-2)"		"unprognostic (5.34e-2)"	"unprognostic (2.12e-2)"	"unprognostic (1.55e-1)"	"unprognostic (1.66e-1)"	"unprognostic (1.26e-2)"	"unprognostic (2.14e-2)"	"unprognostic (7.20e-2)"	"unprognostic (4.54e-3)"	"unprognostic (1.19e-1)"	"unprognostic (6.07e-2)"	"unprognostic (2.70e-3)"	"unprognostic (4.48e-2)"	"unprognostic (2.77e-1)"	"unprognostic (3.97e-1)"	"unprognostic (1.09e-1)"	"unprognostic (2.65e-2)"
IL5	"EDF, IL-5, TRF"	ENSG00000113525	"Interleukin 5"	P05113	5	132541445-132556838	"Cancer-related genes, FDA approved drug targets, Predicted intracellular proteins, Predicted secreted proteins"		"Cytokine, Growth factor"	"Cancer-related genes, FDA approved drug targets"	"Evidence at protein level"	"Evidence at transcript level"	"Evidence at protein level"	"Evidence at protein level"	"Tissue enriched"	"Detected in single"	6	"testis: 4.9"	"Group enriched"	"Detected in some"	9	"granulocytes: 6.7;Spermatocytes: 17.3"	"Low cell type specificity"	"Detected in many"			"Not detected"	"Not detected"			"Low region specificity"	"Detected in all"			"Immune cell enriched"	"Detected in single"	8	"memory B-cell: 1.4"	"Lineage enriched"	"Detected in single"	8	"B-cells: 1.4"	"Cancer enriched"	"Detected in single"	4	"lymphoma: 1.5"		"Not detected"	"Not detected"			"Low region specificity"	"Detected in many"			CAB010304	Approved				"Secreted to blood"	Interleukin	NA	NA	4130			"Cluster 46: Testis - Spermatogenesis"	"Cluster 4: Non-specific - mRNA splicing & Cell cycle"	"Cluster 59: Leukemia - T-cell receptor"	"Cluster 31: Spermatocytes - Spermatogenesis"	4			"CAB010304: AB_2296159"																															
SPACA3	"ALLP17, CT54, LYC3, LYZL3, SLLP1"	ENSG00000141316	"Sperm acrosome associated 3"	Q8IXA5	17	32970376-32997877	"Predicted intracellular proteins, Predicted membrane proteins, Predicted secreted proteins"				"Evidence at protein level"	"Evidence at protein level"	"Evidence at protein level"	"Evidence at protein level"	"Tissue enriched"	"Detected in some"	6	"testis: 121.8"	"Group enriched"	"Detected in some"	99	"Early spermatids: 1378.1;Late spermatids: 1100.1"	"Not detected"	"Not detected"			"Cancer enhanced"	"Detected in some"		"Rectum Adenocarcinoma (TCGA): 2.3"	"Low region specificity"	"Detected in all"			"Immune cell enriched"	"Detected in single"	5	"memory B-cell: 1.2"	"Lineage enriched"	"Detected in single"	5	"B-cells: 1.2"	"Cancer enriched"	"Detected in single"	11	"Myeloma: 8.3"	"Testis - Late spermatids"	"Not detected"	"Not detected"			"Not detected"	"Not detected"			HPA023633	Enhanced		Approved	Acrosome	"Secreted in male reproductive system"	"No annotated function"	NA	NA				"Cluster 46: Testis - Spermatogenesis"	"Cluster 10: Cerebellum - Nucleic acid binding"	"Cluster 51: Myeloma - Immunoglobulins"	"Cluster 21: Early spermatids - Spermatogenesis"	1	Acrosome		"HPA023633: AB_1857407"					"unprognostic (4.38e-1)"	"unprognostic (7.48e-2)"																			"unprognostic (1.88e-3)"	"unprognostic (1.01e-2)"	"unprognostic (1.02e-1)"				
IGHV3-35		ENSG00000211957	"Immunoglobulin heavy variable 3-35 (non-functional)"	A0A0C4DH35	14	106389392-106389858	"Immunoglobulin genes, Predicted secreted proteins"	"Adaptive immunity, Immunity"			"Evidence at protein level"	"Evidence at transcript level"	"Evidence at protein level"	"Evidence at protein level"	"Group enriched"	"Detected in some"	4	"intestine: 13.7;lymphoid tissue: 12.4;salivary gland: 7.3;stomach 1: 16.3;urinary bladder: 19.8"	"Cell type enriched"	"Detected in single"	27	"Plasma cells: 2.8"	"Not detected"	"Not detected"			"Cancer enhanced"	"Detected in many"		"Thyroid Carcinoma (TCGA): 9.6"	"Not detected"	"Not detected"			"Immune cell enriched"	"Detected in single"	16	"memory B-cell: 3.7"	"Lineage enriched"	"Detected in single"	35	"B-cells: 3.7"	"Not detected"	"Not detected"			"Adipose visceral - Plasma cells, Breast - Plasma cells, Kidney - Plasma cells, Liver - Plasma cells, Lung - Plasma cells, Minor Salivary Gland - Plasma cells, Prostate - Plasma cells, Spleen - Plasma cells, Stomach - Plasma cells, Thyroid gland - Plasma cells"														"Immunoglobulin genes"	Immunity	NA	NA		15000000000	"Cluster 17: B-cells - Immunoglobulins"			"Cluster 51: Myeloma - Immunoglobulins"	"Cluster 61: Plasma cells - Immunoglobulins & histones"						"potential prognostic favorable (5.52e-4)"		"unprognostic (1.23e-1)"	"unprognostic (4.09e-2)"	"unprognostic (5.79e-2)"			"unprognostic (1.59e-3)"		"unprognostic (6.60e-2)"	"unprognostic (9.05e-2)"				"unprognostic (5.38e-2)"	"unprognostic (8.70e-2)"	"unprognostic (2.05e-1)"	"unprognostic (2.41e-2)"	"unprognostic (3.90e-1)"		"unprognostic (4.54e-2)"			"unprognostic (7.97e-2)"	"unprognostic (1.46e-1)"		"unprognostic (8.00e-2)"	"unprognostic (5.67e-2)"	"unprognostic (3.78e-2)"	
IGHV3OR16-12	IGHV3/OR16-12	ENSG00000270467	"Immunoglobulin heavy variable 3/OR16-12 (non-functional)"		16	33802764-33803217	"Immunoglobulin genes, Predicted intracellular proteins"				"Evidence at transcript level"	"Evidence at transcript level"			"Group enriched"	"Detected in some"	4	"intestine: 13.3;lymphoid tissue: 19.6;stomach 1: 9.5"	"Cell type enriched"	"Detected in single"	12	"Plasma cells: 1.2"	"Not detected"	"Not detected"			"Cancer enhanced"	"Detected in many"		"Stomach Adenocarcinoma (TCGA): 8.6"	"Not detected"	"Not detected"			"Immune cell enriched"	"Detected in single"	10	"memory B-cell: 4.6"	"Lineage enriched"	"Detected in single"	46	"B-cells: 4.6"	"Not detected"	"Not detected"			"Breast - Plasma cells, Lung - Plasma cells, Minor Salivary Gland - Plasma cells, Spleen - Plasma cells, Stomach - Plasma cells, Thyroid gland - Plasma cells"																NA	NA			"Cluster 17: B-cells - Immunoglobulins"			"Cluster 5: Rhabdoid - Unknown function"	"Cluster 61: Plasma cells - Immunoglobulins & histones"					"unprognostic (1.08e-1)"	"unprognostic (1.73e-2)"		"unprognostic (3.63e-1)"	"unprognostic (4.12e-2)"	"unprognostic (4.48e-1)"			"unprognostic (8.68e-3)"			"unprognostic (5.67e-3)"				"unprognostic (5.27e-2)"	"unprognostic (2.95e-3)"	"unprognostic (1.30e-1)"	"unprognostic (1.18e-2)"						"unprognostic (2.05e-1)"	"unprognostic (3.37e-1)"		"unprognostic (1.90e-1)"	"unprognostic (5.62e-1)"	"unprognostic (2.99e-1)"	
SLC16A4	"MCT4, MCT5"	ENSG00000168679	"Solute carrier family 16 member 4"	O15374	1	110362851-110391082	"Metabolic proteins, Predicted membrane proteins, Transporters"	"Symport, Transport"			"Evidence at protein level"	"Evidence at transcript level"	"Evidence at protein level"	"Evidence at protein level"	"Tissue enriched"	"Detected in many"	4	"kidney: 119.6"	"Cell type enhanced"	"Detected in many"		"Collecting duct cells: 56.4;Extravillous trophoblasts: 39.1;Proximal tubular cells: 154.6"	"Cell type enhanced"	"Detected in all"		"endothelial cell: 76.0"	"Cancer enhanced"	"Detected in many"		"Kidney Renal Clear Cell Carcinoma (TCGA): 62.8;Kidney Renal Papillary Cell Carcinoma (TCGA): 63.7"	"Low region specificity"	"Detected in all"			"Immune cell enriched"	"Detected in single"	4	"memory B-cell: 1.5"	"Lineage enriched"	"Detected in single"	4	"B-cells: 1.5"	"Cancer enhanced"	"Detected in all"		"Kidney cancer: 31.1"	"Adrenal gland - Fibroblasts, Colon - Enteric glia cells, Heart muscle - Fibroblasts, Kidney - Proximal tubular cells, Liver - Hepatocytes, Prostate - Fibroblasts, Skin - Endothelial cells"	"Low region specificity"	"Detected in all"			"Low region specificity"	"Detected in all"			"HPA046986, HPA060163"	Approved		Approved	"Microtubules,Cytokinetic bridge,Cytosol"			Yes	NA			"Cluster 18: Non-specific - Translation"	"Cluster 52: Kidney - Transmembrane transport"	"Cluster 50: Non-specific - Nucleic acid binding"	"Cluster 15: Kidney cancer - Membrane components"	"Cluster 38: Proximal tubular cells - Transmembrane transport"		"Microtubules, Cytosol"	"Cytokinetic bridge"	"HPA046986: AB_2679892, HPA060163: "	"unprognostic (2.13e-1)"	"unprognostic (1.36e-1)"	"unprognostic (4.83e-2)"	"unprognostic (9.52e-2)"	"unprognostic (2.10e-1)"	"unprognostic (2.06e-1)"	"unprognostic (3.05e-1)"	"unprognostic (9.07e-2)"		"unprognostic (1.96e-1)"	"validated prognostic favorable (4.88e-7)"	"validated prognostic favorable (1.89e-5)"	"unprognostic (8.94e-2)"	"unprognostic (3.43e-2)"	"unprognostic (2.88e-3)"	"unprognostic (1.55e-2)"	"unprognostic (4.46e-2)"	"unprognostic (2.19e-2)"	"unprognostic (1.94e-2)"	"unprognostic (2.58e-1)"	"unprognostic (2.76e-3)"	"unprognostic (3.40e-2)"	"unprognostic (2.19e-2)"	"unprognostic (2.27e-1)"	"unprognostic (1.05e-1)"	"unprognostic (6.44e-2)"	"unprognostic (3.59e-1)"	"unprognostic (2.52e-2)"	"unprognostic (2.15e-1)"	"unprognostic (6.69e-2)"	"unprognostic (2.11e-2)"
TAS1R3	T1R3	ENSG00000169962	"Taste 1 receptor member 3"	Q7RTX0	1	1331280-1335314	"G-protein coupled receptors, Predicted membrane proteins, Transporters"	"Sensory transduction, Taste"	"G-protein coupled receptor, Receptor, Transducer"		"Evidence at protein level"	"Evidence at protein level"	"Evidence at protein level"	"Evidence at protein level"	"Group enriched"	"Detected in some"	4	"epididymis: 11.9;lymphoid tissue: 3.6;salivary gland: 7.7"	"Cell type enhanced"	"Detected in some"		"B-cells: 1.7;Plasma cells: 7.0;Serous glandular cells: 3.1"	"Not detected"	"Not detected"			"Low cancer specificity"	"Detected in many"			"Low region specificity"	"Detected in all"			"Immune cell enriched"	"Detected in single"	17	"memory B-cell: 1.6"	"Lineage enriched"	"Detected in single"	17	"B-cells: 1.6"	"Cancer enhanced"	"Detected in some"		"Myeloma: 7.0"	"Breast - Plasma cells, Spleen - Plasma cells"	"Not detected"	"Not detected"			"Low region specificity"	"Detected in all"			HPA053439	Uncertain		Supported	"Golgi apparatus,Plasma membrane"			NA	NA			"Cluster 17: B-cells - Immunoglobulins"	"Cluster 50: Epididymis - Male reproductive secretion"	"Cluster 6: Non-specific - Immune response"	"Cluster 51: Myeloma - Immunoglobulins"	"Cluster 77: Plasma cells - Protein processing"		"Plasma membrane"	"Golgi apparatus"	"HPA053439: AB_2682150"	"unprognostic (5.59e-3)"	"unprognostic (6.29e-2)"	"unprognostic (1.29e-1)"		"unprognostic (8.35e-2)"	"unprognostic (2.21e-2)"										"unprognostic (1.45e-1)"		"unprognostic (2.08e-2)"		"unprognostic (3.43e-1)"					"unprognostic (3.16e-1)"	"potential prognostic favorable (6.68e-4)"		"unprognostic (8.49e-2)"		"unprognostic (3.84e-3)"	
APOD	Apo-D	ENSG00000189058	"Apolipoprotein D"	P05090	3	195568705-195584033	"Cancer-related genes, Candidate cardiovascular disease genes, Plasma proteins, Predicted secreted proteins"	Transport		"Cancer-related genes"	"Evidence at protein level"	"Evidence at protein level"	"Evidence at protein level"	"Evidence at protein level"	"Tissue enhanced"	"Detected in many"		"breast: 4898.1;choroid plexus: 4317.9"	"Cell type enhanced"	"Detected in many"		"Fibroblasts: 4290.5;Leydig cells: 1994.7;Melanocytes: 1348.5;Peritubular cells: 1105.2;Serous glandular cells: 920.5"	"Cell type enriched"	"Detected in all"	4	"fibroblast: 2810.5"	"Cancer enriched"	"Detected in all"	4	"Skin Cuteneous Melanoma (TCGA): 4040.5"	"Low region specificity"	"Detected in all"			"Immune cell enriched"	"Detected in single"	14	"memory B-cell: 5.0"	"Lineage enriched"	"Detected in single"	14	"B-cells: 5.0"	"Group enriched"	"Detected in many"	4	"breast cancer: 117.8;prostate cancer: 92.2;skin cancer: 170.8"	"Pancreas - Fibroblasts"	"Low region specificity"	"Detected in all"			"Low region specificity"	"Detected in all"			HPA040520	Enhanced		Approved	"Plasma membrane"	"Secreted to blood"	Apolipoprotein	NA	NA	98900000000	46000000000	"Cluster 23: B-cells - Immunoglobulins"	"Cluster 60: Choroid plexus - Transmembrane transport"	"Cluster 30: White matter - Myelination"	"Cluster 44: Connective tissue cells - ECM organization"	"Cluster 53: Fibroblasts - ECM organization"	66	"Plasma membrane"		"HPA040520: AB_2677020"	"unprognostic (1.90e-2)"	"unprognostic (3.81e-3)"	"unprognostic (2.22e-2)"	"unprognostic (3.64e-2)"	"unprognostic (4.88e-2)"	"unprognostic (3.86e-2)"	"unprognostic (9.74e-2)"	"unprognostic (2.15e-2)"	"unprognostic (1.86e-2)"	"unprognostic (1.03e-1)"	"unprognostic (9.01e-2)"	"unprognostic (9.17e-2)"	"unprognostic (1.20e-1)"	"unprognostic (7.56e-2)"	"unprognostic (5.10e-3)"	"unprognostic (4.71e-2)"	"unprognostic (1.58e-1)"	"unprognostic (7.03e-3)"	"unprognostic (2.40e-1)"	"unprognostic (8.21e-2)"	"unprognostic (1.17e-1)"	"unprognostic (2.97e-1)"	"unprognostic (4.09e-3)"	"unprognostic (1.94e-1)"	"unprognostic (1.52e-3)"	"unprognostic (8.90e-2)"	"unprognostic (8.40e-2)"	"unprognostic (1.13e-3)"	"unprognostic (2.31e-1)"	"unprognostic (1.16e-3)"	"unprognostic (3.86e-2)"
ARL14	"ARF7, FLJ22595"	ENSG00000179674	"ADP ribosylation factor like GTPase 14"	Q8N4G2	3	160677160-160678448	"Predicted intracellular proteins"				"Evidence at protein level"	"Evidence at transcript level"	"Evidence at protein level"	"Evidence at protein level"	"Tissue enhanced"	"Detected in some"		"gallbladder: 124.9;intestine: 49.7;stomach 1: 75.2"	"Group enriched"	"Detected in some"	4	"Distal enterocytes: 337.3;Enteroendocrine cells: 126.1;Gastric mucus-secreting cells: 361.4;Intestinal goblet cells: 140.0;Paneth cells: 194.2;Proximal enterocytes: 143.4"	"Not detected"	"Not detected"			"Cancer enhanced"	"Detected in many"		"Pancreatic Adenocarcinoma (TCGA): 40.7"	"Not detected"	"Not detected"			"Immune cell enriched"	"Detected in single"	15	"memory B-cell: 1.8"	"Lineage enriched"	"Detected in single"	18	"B-cells: 1.8"	"Cancer enhanced"	"Detected in many"		"pancreatic cancer: 19.7"	"Colon - Colon enterocytes, Prostate - Urothelial cells, Stomach - Gastric mucous cells"	"Not detected"	"Not detected"			"Low region specificity"	"Detected in all"										NA	NA				"Cluster 45: Intestine - Digestion"		"Cluster 53: Squamous epithelial cells - Keratinization"	"Cluster 5: Enterocytes - Absorption"	3				"unprognostic (4.24e-2)"			"unprognostic (4.27e-3)"	"unprognostic (7.68e-2)"	"unprognostic (4.79e-2)"			"unprognostic (6.56e-2)"	"unprognostic (9.97e-2)"		"unprognostic (1.76e-1)"	"unprognostic (5.63e-3)"	"unprognostic (1.24e-3)"	"unprognostic (2.93e-2)"	"potential prognostic unfavorable (1.17e-7)"	"unprognostic (6.98e-2)"	"unprognostic (2.16e-3)"	"unprognostic (1.01e-3)"			"potential prognostic unfavorable (7.97e-4)"	"unprognostic (6.82e-2)"		"unprognostic (2.85e-3)"	"unprognostic (1.55e-1)"		"unprognostic (2.73e-1)"			
H3C7	"H3/i, H3FI, HIST1H3F"	ENSG00000277775	"H3 clustered histone 7"	P68431	6	26250142-26250635	"Disease related genes, Predicted intracellular proteins"		DNA-binding	"Disease variant"	"Evidence at protein level"	"Evidence at protein level"	"Evidence at protein level"	"Evidence at protein level"	"Tissue enhanced"	"Detected in single"		"bone marrow: 1.6"	"Cell type enhanced"	"Detected in some"		"Erythroid cells: 4.1;Gastric mucus-secreting cells: 4.7;Plasma cells: 6.7;Serous glandular cells: 2.2"	"Not detected"	"Not detected"			"Cancer enhanced"	"Detected in many"		"Bladder Urothelial Carcinoma (TCGA): 8.5"	"Low region specificity"	"Detected in all"			"Immune cell enriched"	"Detected in single"	5	"memory B-cell: 1.8"	"Lineage enriched"	"Detected in single"	5	"B-cells: 1.8"	"Low cancer specificity"	"Detected in some"												"HPA042570, HPA050968, HPA064058, CAB070190"	Approved		Supported	"Nucleoplasm,Acrosome,Principal piece"			NA	NA			"Cluster 16: Non-specific - Cell proliferation"	"Cluster 77: Bone marrow - Cell proliferation"	"Cluster 6: Non-specific - Immune response"	"Cluster 41: Non-specific - Nucleosome assembly"	"Cluster 52: Non-specific - Cell proliferation"	73	Nucleoplasm	"Acrosome, Principal piece"	"CAB070190: AB_10001790, HPA042570: AB_2678056, HPA050968: , HPA064058: "	"unprognostic (1.89e-2)"	"unprognostic (2.29e-1)"			"unprognostic (3.31e-1)"	"unprognostic (9.04e-2)"	"unprognostic (1.21e-2)"									"unprognostic (4.00e-2)"				"unprognostic (2.15e-2)"						"potential prognostic favorable (9.48e-4)"					"unprognostic (6.29e-3)"
IGHJ5		ENSG00000242472	"Immunoglobulin heavy joining 5"		14	105863814-105863862	"Immunoglobulin genes, Predicted intracellular proteins"				"Evidence at transcript level"	"Evidence at transcript level"			"Tissue enhanced"	"Detected in many"		"breast: 70.9;intestine: 112.3"	"Cell type enriched"	"Detected in single"	271	"Plasma cells: 27.2"	"Not detected"	"Not detected"			"Low cancer specificity"	"Detected in all"			"Low region specificity"	"Detected in many"			"Immune cell enriched"	"Detected in many"	261	"memory B-cell: 1076.2"	"Lineage enriched"	"Detected in many"	261	"B-cells: 1076.2"	"Group enriched"	"Detected in some"	5	"lymphoma: 149.7;Myeloma: 241.1"	"Adipose subcutaneous - Plasma cells, Adipose visceral - Plasma cells, Adrenal gland - Plasma cells, Breast - Plasma cells, Colon - Plasma cells, Heart muscle - Plasma cells, Liver - Plasma cells, Lung - Plasma cells, Minor Salivary Gland - Plasma cells, Pancreas - Plasma cells, Pituitary gland - Plasma cells, Prostate - Plasma cells, Skin - Plasma cells, Spleen - Plasma cells, Stomach - Plasma cells, Thyroid gland - Plasma cells"																NA	NA			"Cluster 17: B-cells - Immunoglobulins"		"Cluster 7: Non-specific - Ribosome"	"Cluster 51: Myeloma - Immunoglobulins"	"Cluster 23: Plasma cells - Humoral immune response"					"unprognostic (3.83e-1)"	"unprognostic (3.31e-2)"		"unprognostic (1.79e-1)"	"unprognostic (2.17e-1)"	"unprognostic (3.92e-1)"	"unprognostic (1.53e-1)"	"unprognostic (1.18e-1)"	"unprognostic (5.89e-2)"	"unprognostic (9.01e-1)"	"unprognostic (1.51e-1)"	"unprognostic (2.98e-1)"	"unprognostic (5.35e-1)"	"unprognostic (8.32e-2)"		"unprognostic (5.42e-3)"	"unprognostic (5.95e-1)"	"unprognostic (1.22e-1)"	"unprognostic (2.87e-1)"	"unprognostic (6.30e-2)"		"unprognostic (6.59e-2)"		"unprognostic (1.23e-1)"	"potential prognostic favorable (4.54e-4)"	"unprognostic (5.24e-2)"	"unprognostic (2.58e-1)"	"unprognostic (1.02e-2)"	"unprognostic (2.38e-1)"	"unprognostic (6.93e-2)"	"unprognostic (3.00e-1)"
IGHV2-26		ENSG00000211951	"Immunoglobulin heavy variable 2-26"	A0A0B4J1V2	14	106301396-106301862	"Immunoglobulin genes, Predicted secreted proteins"	"Adaptive immunity, Immunity"			"Evidence at protein level"	"Evidence at transcript level"	"No human protein/transcript evidence"	"Evidence at protein level"	"Tissue enhanced"	"Detected in many"		"gallbladder: 124.0;urinary bladder: 221.0"	"Cell type enriched"	"Detected in some"	14	"Plasma cells: 107.6"	"Not detected"	"Not detected"			"Low cancer specificity"	"Detected in many"			"Low region specificity"	"Detected in some"			"Immune cell enriched"	"Detected in some"	14	"memory B-cell: 14.1"	"Lineage enriched"	"Detected in single"	141	"B-cells: 14.1"	"Not detected"	"Not detected"			"Adipose visceral - Plasma cells, Adrenal gland - Plasma cells, Breast - Plasma cells, Colon - Plasma cells, Kidney - Plasma cells, Liver - Plasma cells, Lung - Plasma cells, Minor Salivary Gland - Plasma cells, Pancreas - Plasma cells, Prostate - Plasma cells, Spleen - Plasma cells, Stomach - Plasma cells, Thyroid gland - Plasma cells"														"Immunoglobulin genes"	Immunity	NA	NA		350000000			"Cluster 8: Immune cells - Immune response"	"Cluster 51: Myeloma - Immunoglobulins"	"Cluster 61: Plasma cells - Immunoglobulins & histones"					"unprognostic (1.35e-1)"	"unprognostic (3.88e-3)"		"unprognostic (4.71e-2)"	"unprognostic (5.46e-2)"	"unprognostic (6.47e-2)"			"unprognostic (1.02e-1)"	"unprognostic (5.27e-2)"	"unprognostic (3.00e-2)"	"unprognostic (1.13e-1)"	"unprognostic (2.98e-3)"	"unprognostic (1.37e-1)"		"unprognostic (1.09e-1)"	"unprognostic (1.67e-1)"	"unprognostic (6.04e-2)"	"unprognostic (3.08e-1)"	"unprognostic (9.73e-2)"	"unprognostic (3.68e-1)"	"unprognostic (1.71e-2)"	"unprognostic (2.19e-2)"	"unprognostic (3.68e-1)"	"unprognostic (9.93e-2)"	"unprognostic (1.10e-1)"	"unprognostic (1.67e-1)"	"unprognostic (7.33e-2)"	"unprognostic (8.04e-2)"	"unprognostic (3.53e-1)"	"unprognostic (2.98e-2)"
IGHV3-64		ENSG00000223648	"Immunoglobulin heavy variable 3-64"	A0A075B6Q5	14	106657725-106658258	"Immunoglobulin genes, Predicted secreted proteins"	"Adaptive immunity, Immunity"			"Evidence at protein level"	"Evidence at transcript level"	"No human protein/transcript evidence"	"Evidence at protein level"	"Tissue enhanced"	"Detected in many"		"bone marrow: 8.5;breast: 6.9;intestine: 11.4"	"Cell type enriched"	"Detected in some"	24	"Plasma cells: 64.8"	"Not detected"	"Not detected"			"Low cancer specificity"	"Detected in many"			"Not detected"	"Not detected"			"Immune cell enriched"	"Detected in single"	20	"memory B-cell: 11.1"	"Lineage enriched"	"Detected in single"	111	"B-cells: 11.1"	"Not detected"	"Not detected"			"Adipose visceral - Plasma cells, Adrenal gland - Plasma cells, Breast - Plasma cells, Colon - Plasma cells, Liver - Plasma cells, Lung - Plasma cells, Minor Salivary Gland - Plasma cells, Pancreas - Plasma cells, Prostate - Plasma cells, Spleen - Plasma cells, Stomach - Plasma cells, Thyroid gland - Plasma cells"														"Immunoglobulin genes"	Immunity	NA	NA		5100000000	"Cluster 17: B-cells - Immunoglobulins"			"Cluster 46: Lymphoma - Humoral immune response"	"Cluster 61: Plasma cells - Immunoglobulins & histones"					"unprognostic (2.12e-1)"	"unprognostic (7.44e-2)"		"unprognostic (3.06e-2)"	"unprognostic (4.32e-2)"	"unprognostic (7.57e-3)"			"unprognostic (1.50e-2)"		"unprognostic (2.36e-3)"	"unprognostic (1.21e-1)"	"unprognostic (9.22e-3)"			"unprognostic (8.97e-2)"	"unprognostic (4.03e-2)"	"unprognostic (5.81e-2)"	"unprognostic (6.06e-2)"	"unprognostic (2.13e-3)"	"unprognostic (3.14e-2)"	"unprognostic (7.59e-2)"	"unprognostic (2.66e-2)"		"unprognostic (1.42e-1)"	"unprognostic (2.35e-3)"	"unprognostic (5.88e-2)"	"unprognostic (1.01e-2)"	"unprognostic (4.29e-3)"	"unprognostic (1.36e-1)"	"unprognostic (1.45e-1)"
IGHV3-66		ENSG00000211972	"Immunoglobulin heavy variable 3-66"	A0A0C4DH42	14	106675017-106675544	"Immunoglobulin genes, Predicted secreted proteins"	"Adaptive immunity, Immunity"			"Evidence at protein level"	"Evidence at transcript level"	"No human protein/transcript evidence"	"Evidence at protein level"	"Tissue enhanced"	"Detected in many"		"gallbladder: 45.5;intestine: 55.3;urinary bladder: 100.6"	"Cell type enriched"	"Detected in some"	178	"Plasma cells: 1430.0"	"Not detected"	"Not detected"			"Low cancer specificity"	"Detected in many"			"Not detected"	"Not detected"			"Immune cell enriched"	"Detected in single"	135	"memory B-cell: 39.3"	"Lineage enriched"	"Detected in single"	135	"B-cells: 39.3"	"Group enriched"	"Detected in some"	17	"Leukemia: 20.0;lymphoma: 26.7;Myeloma: 7.2"	"Adipose subcutaneous - Plasma cells, Adipose visceral - Plasma cells, Adrenal gland - Plasma cells, Breast - Plasma cells, Colon - Plasma cells, Kidney - Plasma cells, Liver - Plasma cells, Lung - Plasma cells, Minor Salivary Gland - Plasma cells, Pancreas - Plasma cells, Pituitary gland - Plasma cells, Prostate - Plasma cells, Skin - Plasma cells, Spleen - Plasma cells, Stomach - Plasma cells, Thyroid gland - Plasma cells"														"Immunoglobulin genes"	Immunity	NA	NA		9400000000	"Cluster 17: B-cells - Immunoglobulins"			"Cluster 55: Lymphoma - Immune response"	"Cluster 61: Plasma cells - Immunoglobulins & histones"					"unprognostic (2.47e-2)"	"unprognostic (9.99e-3)"		"unprognostic (1.98e-2)"	"unprognostic (1.35e-1)"	"unprognostic (3.45e-3)"			"unprognostic (3.00e-3)"	"unprognostic (5.45e-1)"	"unprognostic (2.52e-2)"	"unprognostic (6.44e-2)"	"unprognostic (8.64e-3)"	"unprognostic (6.25e-2)"		"unprognostic (1.26e-2)"	"unprognostic (3.25e-2)"	"unprognostic (1.45e-1)"	"potential prognostic unfavorable (7.84e-4)"	"unprognostic (7.48e-3)"	"unprognostic (4.40e-1)"	"unprognostic (6.95e-3)"	"unprognostic (6.36e-3)"	"unprognostic (9.99e-2)"	"unprognostic (2.02e-1)"	"unprognostic (1.07e-1)"	"unprognostic (2.86e-1)"	"unprognostic (4.02e-2)"	"unprognostic (3.68e-2)"	"unprognostic (3.12e-1)"	"unprognostic (1.26e-1)"
IGHV3-72		ENSG00000225698	"Immunoglobulin heavy variable 3-72"	A0A0B4J1Y9	14	106790694-106791233	"Immunoglobulin genes, Predicted secreted proteins"	"Adaptive immunity, Immunity"			"Evidence at protein level"	"Evidence at transcript level"	"No human protein/transcript evidence"	"Evidence at protein level"	"Tissue enhanced"	"Detected in many"		"intestine: 56.2;urinary bladder: 91.7"	"Cell type enriched"	"Detected in some"	187	"Plasma cells: 1940.7"	"Not detected"	"Not detected"			"Low cancer specificity"	"Detected in many"			"Not detected"	"Not detected"			"Immune cell enriched"	"Detected in some"	7	"memory B-cell: 48.4"	"Lineage enriched"	"Detected in single"	249	"B-cells: 48.4"	"Cancer enriched"	"Detected in single"	4	"lymphoma: 2.6"	"Adipose visceral - Plasma cells, Adrenal gland - Plasma cells, Breast - Plasma cells, Liver - Plasma cells, Lung - Plasma cells, Minor Salivary Gland - Plasma cells, Pancreas - Plasma cells, Prostate - Plasma cells, Spleen - Plasma cells, Stomach - Plasma cells, Thyroid gland - Plasma cells"														"Immunoglobulin genes"	Immunity	NA	NA		13000000000				"Cluster 46: Lymphoma - Humoral immune response"	"Cluster 23: Plasma cells - Humoral immune response"					"unprognostic (1.25e-1)"	"unprognostic (1.32e-2)"		"unprognostic (7.12e-2)"	"unprognostic (1.17e-2)"	"unprognostic (2.17e-1)"			"potential prognostic favorable (3.80e-4)"		"unprognostic (2.37e-1)"	"unprognostic (1.02e-1)"	"potential prognostic unfavorable (6.53e-4)"	"unprognostic (2.28e-2)"		"unprognostic (1.36e-1)"	"unprognostic (1.65e-1)"	"unprognostic (5.05e-2)"	"unprognostic (4.60e-2)"	"unprognostic (9.59e-2)"	"unprognostic (1.63e-2)"	"unprognostic (2.35e-1)"	"unprognostic (2.94e-3)"	"unprognostic (5.03e-2)"	"unprognostic (1.04e-2)"	"unprognostic (1.07e-1)"	"unprognostic (1.01e-1)"	"unprognostic (3.57e-2)"	"unprognostic (6.25e-2)"	"unprognostic (1.26e-1)"	"unprognostic (1.28e-1)"
IGHV3OR16-13	IGHV3/OR16-13	ENSG00000271178	"Immunoglobulin heavy variable 3/OR16-13 (non-functional)"		16	33827214-33827661	"Immunoglobulin genes, Predicted intracellular proteins"				"Evidence at transcript level"	"Evidence at transcript level"			"Tissue enhanced"	"Detected in some"		"intestine: 6.3;lymphoid tissue: 10.0;stomach 1: 4.0"	"Cell type enriched"	"Detected in single"	4	"Plasma cells: 1.2"	"Not detected"	"Not detected"			"Low cancer specificity"	"Detected in many"			"Not detected"	"Not detected"			"Immune cell enriched"	"Detected in single"	27	"memory B-cell: 18.2"	"Lineage enriched"	"Detected in single"	182	"B-cells: 18.2"	"Cancer enriched"	"Detected in single"	70	"lymphoma: 6.9"	"Adipose visceral - Plasma cells, Breast - Plasma cells, Kidney - Plasma cells, Liver - Plasma cells, Lung - Plasma cells, Minor Salivary Gland - Plasma cells, Pancreas - Plasma cells, Prostate - Plasma cells, Spleen - Plasma cells, Stomach - Plasma cells, Thyroid gland - Plasma cells"																NA	NA			"Cluster 17: B-cells - Immunoglobulins"			"Cluster 46: Lymphoma - Humoral immune response"	"Cluster 61: Plasma cells - Immunoglobulins & histones"						"unprognostic (1.88e-2)"		"unprognostic (1.59e-1)"	"unprognostic (2.06e-2)"	"unprognostic (2.79e-1)"			"unprognostic (7.01e-3)"			"unprognostic (7.75e-2)"				"unprognostic (3.10e-2)"	"unprognostic (4.31e-2)"	"unprognostic (1.22e-1)"	"unprognostic (4.02e-1)"			"unprognostic (3.75e-1)"			"unprognostic (1.13e-1)"	"unprognostic (2.59e-1)"		"unprognostic (1.69e-1)"	"unprognostic (3.29e-1)"	"unprognostic (3.46e-1)"	
IGHV3OR16-8	IGHV3/OR16-8	ENSG00000271130	"Immunoglobulin heavy variable 3/OR16-8 (non-functional)"		16	33009175-33009620	"Immunoglobulin genes, Predicted intracellular proteins"				"Evidence at transcript level"	"Evidence at transcript level"			"Tissue enhanced"	"Detected in many"		"intestine: 31.0;lymphoid tissue: 48.3;stomach 1: 33.0;urinary bladder: 40.1"	"Not detected"	"Not detected"							"Low cancer specificity"	"Detected in many"			"Not detected"	"Not detected"			"Immune cell enriched"	"Detected in single"	14	"memory B-cell: 7.5"	"Lineage enriched"	"Detected in single"	75	"B-cells: 7.5"	"Cancer enriched"	"Detected in single"	13	"Myeloma: 3.1"	"Adipose visceral - Plasma cells, Breast - Plasma cells, Kidney - Plasma cells, Lung - Plasma cells, Minor Salivary Gland - Plasma cells, Spleen - Plasma cells, Stomach - Plasma cells, Thyroid gland - Plasma cells"																NA	NA			"Cluster 17: B-cells - Immunoglobulins"			"Cluster 51: Myeloma - Immunoglobulins"	"Cluster 61: Plasma cells - Immunoglobulins & histones"					"unprognostic (3.02e-1)"	"potential prognostic favorable (4.04e-4)"		"unprognostic (5.47e-2)"	"unprognostic (4.87e-2)"	"unprognostic (4.43e-1)"			"unprognostic (2.84e-3)"		"unprognostic (3.68e-2)"	"unprognostic (5.14e-3)"				"unprognostic (6.51e-3)"	"unprognostic (3.24e-2)"	"unprognostic (6.49e-2)"	"unprognostic (1.25e-3)"			"unprognostic (2.50e-1)"			"unprognostic (3.34e-2)"	"unprognostic (1.38e-1)"		"unprognostic (1.85e-1)"	"unprognostic (5.13e-2)"	"unprognostic (4.57e-1)"	
IGKV2-24		ENSG00000241294	"Immunoglobulin kappa variable 2-24"	A0A0C4DH68	2	89176328-89177160	"Immunoglobulin genes, Predicted secreted proteins"	"Adaptive immunity, Immunity"			"Evidence at protein level"	"Evidence at transcript level"	"No human protein/transcript evidence"	"Evidence at protein level"	"Tissue enhanced"	"Detected in many"		"intestine: 262.7;urinary bladder: 903.4"	"Cell type enriched"	"Detected in some"	142	"Plasma cells: 3292.9"	"Not detected"	"Not detected"			"Low cancer specificity"	"Detected in many"			"Low region specificity"	"Detected in many"			"Immune cell enriched"	"Detected in some"	4	"memory B-cell: 48.3"	"Lineage enriched"	"Detected in single"	484	"B-cells: 48.3"	"Cancer enriched"	"Detected in single"	4	"lymphoma: 1.2"	"Adipose subcutaneous - Plasma cells, Adipose visceral - Plasma cells, Adrenal gland - Plasma cells, Breast - Plasma cells, Colon - Plasma cells, Heart muscle - Plasma cells, Liver - Plasma cells, Lung - Plasma cells, Minor Salivary Gland - Plasma cells, Pancreas - Plasma cells, Pituitary gland - Plasma cells, Prostate - Plasma cells, Spleen - Plasma cells, Stomach - Plasma cells, Thyroid gland - Plasma cells"														"Immunoglobulin genes"	Immunity	NA	NA		1300000000	"Cluster 17: B-cells - Immunoglobulins"		"Cluster 22: Non-specific - Mixed function"	"Cluster 55: Lymphoma - Immune response"	"Cluster 61: Plasma cells - Immunoglobulins & histones"					"unprognostic (3.04e-2)"	"potential prognostic favorable (5.03e-7)"		"unprognostic (1.42e-2)"	"unprognostic (3.66e-2)"	"unprognostic (3.62e-1)"		"unprognostic (1.90e-1)"	"potential prognostic favorable (1.11e-4)"		"unprognostic (4.73e-2)"	"unprognostic (2.04e-1)"	"potential prognostic unfavorable (2.90e-4)"	"unprognostic (2.46e-2)"		"unprognostic (1.28e-1)"	"unprognostic (9.85e-2)"	"unprognostic (2.13e-3)"	"unprognostic (2.81e-2)"	"unprognostic (5.11e-2)"	"unprognostic (2.51e-1)"	"unprognostic (7.12e-2)"	"unprognostic (8.57e-3)"	"unprognostic (3.53e-1)"	"unprognostic (4.39e-2)"	"unprognostic (4.76e-1)"	"unprognostic (2.38e-1)"	"unprognostic (1.83e-1)"	"unprognostic (2.97e-1)"	"unprognostic (9.59e-2)"	"unprognostic (2.64e-1)"
NTNG1	"KIAA0976, Lmnt1"	ENSG00000162631	"Netrin G1"	Q9Y2I2	1	107140007-107484923	"Predicted intracellular proteins"	"Differentiation, Neurogenesis"	"Developmental protein"		"Evidence at protein level"	"Evidence at protein level"	"Evidence at protein level"	"Evidence at protein level"	"Tissue enhanced"	"Detected in many"		"kidney: 8.5;retina: 10.0"	"Group enriched"	"Detected in many"	4	"Excitatory neurons: 118.2;Inhibitory neurons: 155.1;Oligodendrocyte precursor cells: 399.0"	"Cell type enhanced"	"Detected in all"		"thalamic excitatory: 2777.8"	"Cancer enhanced"	"Detected in some"		"Glioblastoma Multiforme (TCGA): 5.0"	"Region enhanced"	"Detected in all"		"thalamus: 164.8"	"Immune cell enriched"	"Detected in single"	4	"memory B-cell: 1.1"	"Lineage enriched"	"Detected in single"	4	"B-cells: 1.1"	"Cancer enhanced"	"Detected in many"		"Bone cancer: 10.1"	"Adipose visceral - Mesothelial cells, Kidney - Podocytes, Stomach - Fibroblasts"	"Low region specificity"	"Detected in all"			"Group enriched"	"Detected in all"	4	"hippocampal formation: 26.0;midbrain: 79.9;pons: 71.8;thalamus: 99.3"	HPA065954			Supported	"Plasma membrane"	"Intracellular and membrane"	"Developmental protein"	NA	NA				"Cluster 64: Neuronal - Transcription"	"Cluster 38: Sub-cortical - Mixed function"	"Cluster 72: Neuronal - Signal transduction"	"Cluster 65: Neurons - Synaptic function"	4	"Plasma membrane"		"HPA065954: AB_2685585"		"unprognostic (4.68e-2)"	"unprognostic (2.19e-2)"				"unprognostic (7.07e-3)"	"unprognostic (3.22e-1)"																"unprognostic (1.82e-1)"			"unprognostic (7.66e-2)"		"unprognostic (1.00e-2)"		
PCDHGA12	"CDH21, FIB3, KIAA0588, PCDH-GAMMA-A12"	ENSG00000253159	"Protocadherin gamma subfamily A, 12"	O60330	5	141430507-141512975	"Plasma proteins, Predicted membrane proteins"	"Cell adhesion"			"Evidence at protein level"	"Evidence at transcript level"	"Evidence at transcript level"	"Evidence at protein level"	"Tissue enhanced"	"Detected in many"		"brain: 9.8"	"Cell type enhanced"	"Detected in some"		"Bipolar cells: 4.9;Fibroblasts: 3.5;Lymphatic endothelial cells: 7.4;Mesothelial cells: 3.9;Skeletal myocytes: 10.7"	"Low cell type specificity"	"Detected in some"			"Group enriched"	"Detected in many"	5	"Glioblastoma Multiforme (TCGA): 5.6;Skin Cuteneous Melanoma (TCGA): 16.5"	"Low region specificity"	"Detected in all"			"Immune cell enriched"	"Detected in single"	4	"memory B-cell: 1.2"	"Lineage enriched"	"Detected in single"	4	"B-cells: 1.2"	"Cancer enhanced"	"Detected in some"		"Sarcoma: 5.8;skin cancer: 5.7"	"Lung - Fibroblast_1"	"Low region specificity"	"Detected in all"							"HPA008755, HPA010580"	Uncertain		Uncertain	"Nucleoplasm,Vesicles,Plasma membrane,Cytosol"			NA	NA		18000		"Cluster 34: Non-specific - Mixed function"	"Cluster 44: Non-specific - Mixed function"	"Cluster 64: Connective tissue cells - ECM organization"	"Cluster 55: Non-specific - Transcription"	1	"Vesicles, Plasma membrane"	"Nucleoplasm, Cytosol"	"HPA008755: AB_1079577, HPA010580: AB_2732401"		"unprognostic (1.48e-2)"	"unprognostic (1.99e-1)"			"unprognostic (5.78e-2)"	"unprognostic (1.54e-1)"	"unprognostic (4.91e-2)"			"potential prognostic favorable (1.59e-4)"	"unprognostic (1.35e-1)"			"unprognostic (6.62e-3)"	"unprognostic (6.62e-2)"	"unprognostic (2.17e-2)"		"unprognostic (1.42e-1)"	"unprognostic (1.19e-3)"		"unprognostic (2.98e-1)"	"unprognostic (2.64e-2)"			"unprognostic (3.27e-3)"	"unprognostic (7.40e-2)"	"unprognostic (1.96e-2)"	"unprognostic (1.37e-1)"	"unprognostic (1.33e-1)"	
RASSF6		ENSG00000169435	"Ras association domain family member 6"	Q6ZTQ3	4	73571550-73620631	"Predicted intracellular proteins"	Apoptosis			"Evidence at protein level"	"Evidence at protein level"	"Evidence at protein level"	"Evidence at protein level"	"Tissue enhanced"	"Detected in many"		"lymphoid tissue: 29.8;stomach 1: 34.0"	"Cell type enhanced"	"Detected in many"		"Basal respiratory cells: 67.0;Enteroendocrine cells: 70.2;Exocrine glandular cells: 67.8;Gastric mucus-secreting cells: 146.2;Intestinal goblet cells: 65.3;Salivary duct cells: 69.4"	"Cell type enriched"	"Detected in some"	25	"choroid plexus epithelial cell: 52.4"	"Low cancer specificity"	"Detected in many"			"Region enriched"	"Detected in some"	5	"choroid plexus: 11.3"	"Immune cell enriched"	"Detected in single"	8	"memory B-cell: 2.7"	"Lineage enriched"	"Detected in single"	13	"B-cells: 2.7"	"Cancer enhanced"	"Detected in many"		"lymphoma: 27.3"	"Adipose visceral - Mesothelial cells, Colon - Colon enterocytes, Minor Salivary Gland - Minor salivary gland ductal cells, Stomach - Gastric mucous cells"	"Low region specificity"	"Detected in many"			"Not detected"	"Not detected"			HPA037712	Approved		Approved	"Nucleoplasm,Golgi apparatus"			NA	NA			"Cluster 17: B-cells - Immunoglobulins"	"Cluster 48: Stomach - Proteolysis"	"Cluster 36: Choroid plexus - Mixed function"	"Cluster 24: Non-specific - Unknown function"	"Cluster 16: Intestinal goblet cells - Mucin production"	9	"Nucleoplasm, Golgi apparatus"		"HPA037712: AB_2675625"	"unprognostic (1.46e-1)"	"unprognostic (4.95e-2)"	"unprognostic (9.07e-2)"	"unprognostic (4.34e-2)"	"unprognostic (5.72e-2)"	"unprognostic (1.07e-1)"			"unprognostic (3.64e-2)"	"unprognostic (5.36e-2)"	"potential prognostic favorable (9.39e-7)"	"unprognostic (9.56e-2)"	"unprognostic (2.73e-1)"		"unprognostic (1.23e-1)"	"unprognostic (1.56e-1)"	"unprognostic (1.96e-2)"	"unprognostic (7.12e-2)"	"unprognostic (1.13e-1)"			"unprognostic (4.57e-2)"	"unprognostic (7.93e-2)"	"unprognostic (1.84e-2)"	"unprognostic (1.89e-1)"	"unprognostic (2.98e-2)"		"unprognostic (1.01e-1)"			"unprognostic (6.27e-2)"
